feature,chrome,firefox,safari,webkitgtk
aspect-ratio,0.9935572940635067,0.9828092243186584,0.9421966487774128,0.9523469320984277
css-flexbox,0.9655238013326946,0.9817723115736361,0.900538743291818,0.9299608874254097
css-grid,0.9773031741177243,0.8986998529577512,0.9337573599197254,0.9618203845495688
css-transforms,0.9315831406677806,0.9174175988255552,0.762441532145586,0.7986486194808075
position-sticky,1,0.872093023255814,0.8062015503875969,0.9767441860465116
