feature,chrome,firefox,safari
aspect-ratio,0.9613058943089431,0.9829166666666668,0.9360675351071693
css-flexbox,0.9572625498122187,0.9846105329549039,0.900189597010789
css-grid,0.9710804543329092,0.894548124394288,0.9296348108693072
css-transforms,0.7794626715651706,0.748912102491219,0.6890731866488159
position-sticky,1,0.872093023255814,0.7829457364341086
