feature,chrome,firefox,safari,webkitgtk
aspect-ratio,0.9611431673097572,0.9828092243186584,0.27259411345927687,0.2600154971070756
css-flexbox,0.9644200485733126,0.9843083149374539,0.8893079502891283,0.9035894163320345
css-grid,0.9753867978111039,0.8985150783827328,0.9139187297152416,0.9240813313412578
css-transforms,0.7560081363882024,0.7488207888654976,0.6896895369554765,0.7072914165437898
position-sticky,0.9767441860465116,0.872093023255814,0.7829457364341085,0.7829457364341085
